From	To
A0A024R1R8	TMA7B
A0AVT1	UBA6
A6NDG6	PGP
A8MWD9	SNRPGP15
E9PAV3	NACA
O00116	AGPS
O00148	DDX39A
O00151	PDLIM1
O00154	ACOT7
O00170	AIP
O00178	GTPBP1
O00231	PSMD11
O00232	PSMD12
O00233	PSMD9
O00244	ATOX1
O00264	PGRMC1
O00299	CLIC1
O00303	EIF3F
O00410	IPO5
O00422	SAP18
O00425	IGF2BP3
O00483	NDUFA4
O00487	PSMD14
O00505	KPNA3
O00541	PES1
O00567	NOP56
O00571	DDX3X
O00592	PODXL
O00629	KPNA4
O00767	SCD
O14579	COPE
O14602	EIF1AY
O14737	PDCD5
O14744	PRMT5
O14745	NHERF1
O14773	TPP1
O14776	TCERG1
O14818	PSMA7
O14880	MGST3
O14907	TAX1BP3
O14929	HAT1
O14950	MYL12B
O14979	HNRNPDL
O14980	XPO1
O15067	PFAS
O15131	KPNA5
O15144	ARPC2
O15145	ARPC3
O15160	POLR1C
O15173	PGRMC2
O15212	PFDN6
O15269	SPTLC1
O15305	PMM2
O15347	HMGB3
O15355	PPM1G
O15371	EIF3D
O15372	EIF3H
O15498	YKT6
O43143	DHX15
O43169	CYB5B
O43172	PRPF4
O43175	PHGDH
O43237	DYNC1LI2
O43242	PSMD3
O43264	ZW10
O43290	SART1
O43324	EEF1E1
O43390	HNRNPR
O43396	TXNL1
O43399	TPD52L2
O43491	EPB41L2
O43592	XPOT
O43598	DNPH1
O43615	TIMM44
O43617	TRAPPC3
O43670	ZNF207
O43681	GET3
O43684	BUB3
O43707	ACTN4
O43708	GSTZ1
O43719	HTATSF1
O43747	AP1G1
O43765	SGTA
O43768	ENSA
O43776	NARS1
O43809	NUDT21
O43837	IDH3B
O43847	NRDC
O43852	CALU
O43865	AHCYL1
O43929	ORC4
O60231	DHX16
O60256	PRPSAP2
O60264	SMARCA5
O60488	ACSL4
O60502	OGA
O60506	SYNCRIP
O60664	PLIN3
O60701	UGDH
O60716	CTNND1
O60739	EIF1B
O60749	SNX2
O60763	USO1
O60814	H2BC12
O60832	DKC1
O60841	EIF5B
O60869	EDF1
O60884	DNAJA2
O60925	PFDN1
O75083	WDR1
O75131	CPNE3
O75223	GGCT
O75340	PDCD6
O75347	TBCA
O75352	MPDU1
O75368	SH3BGRL
O75369	FLNB
O75390	CS
O75439	PMPCB
O75475	PSIP1
O75477	ERLIN1
O75489	NDUFS3
O75494	SRSF10
O75531	BANF1
O75533	SF3B1
O75534	CSDE1
O75607	NPM3
O75608	LYPLA1
O75643	SNRNP200
O75663	TIPRL
O75694	NUP155
O75821	EIF3G
O75822	EIF3J
O75844	ZMPSTE24
O75874	IDH1
O75934	BCAS2
O75937	DNAJC8
O75947	ATP5PD
O75964	ATP5MG
O76003	GLRX3
O76021	RSL1D1
O76094	SRP72
O94776	MTA2
O94826	TOMM70
O94905	ERLIN2
O94906	PRPF6
O94925	GLS
O95071	UBR5
O95197	RTN3
O95218	ZRANB2
O95232	LUC7L3
O95299	NDUFA10
O95336	PGLS
O95347	SMC2
O95373	IPO7
O95394	PGM3
O95433	AHSA1
O95456	PSMG1
O95573	ACSL3
O95747	OXSR1
O95777	LSM8
O95816	BAG2
O95825	CRYZL1
O95831	AIFM1
O95881	TXNDC12
O95983	MBD3
O96000	NDUFB10
O96008	TOMM40
O96019	ACTL6A
P00338	LDHA
P00367	GLUD1
P00387	CYB5R3
P00390	GSR
P00403	MT-CO2
P00491	PNP
P00492	HPRT1
P00505	GOT2
P00558	PGK1
P00568	AK1
P00846	MT-ATP6
P02545	LMNA
P02647	APOA1
P02769	ALB
P04075	ALDOA
P04080	CSTB
P04083	ANXA1
P04181	OAT
P04264	KRT1
P04406	GAPDH
P04439	HLA-A
P04632	CAPNS1
P04792	HSPB1
P04843	RPN1
P04844	RPN2
P04899	GNAI2
P04908	H2AC4
P04908	H2AC8
P05023	ATP1A1
P05026	ATP1B1
P05114	HMGN1
P05141	SLC25A5
P05161	ISG15
P05198	EIF2S1
P05386	RPLP1
P05387	RPLP2
P05388	RPLP0
P05455	SSB
P05556	ITGB1
P05783	KRT18
P05787	KRT8
P05937	CALB1
P06132	UROD
P06454	PTMA
P06493	CDK1
P06576	ATP5F1B
P06703	S100A6
P06730	EIF4E
P06733	ENO1
P06737	PYGL
P06744	GPI
P06748	NPM1
P06753	TPM3
P06865	HEXA
P07099	EPHX1
P07108	DBI
P07195	LDHB
P07203	GPX1
P07237	P4HB
P07305	H1-0
P07339	CTSD
P07355	ANXA2
P07384	CAPN1
P07437	TUBB
P07477	PRSS1
P07602	PSAP
P07686	HEXB
P07737	PFN1
P07741	APRT
P07814	EPRS1
P07900	HSP90AA1
P07910	HNRNPC
P07954	FH
P08133	ANXA6
P08195	SLC3A2
P08237	PFKM
P08238	HSP90AB1
P08240	SRPRA
P08243	ASNS
P08559	PDHA1
P08574	CYC1
P08579	SNRPB2
P08621	SNRNP70
P08648	ITGA5
P08670	VIM
P08708	RPS17
P08727	KRT19
P08754	GNAI3
P08758	ANXA5
P08865	RPSA
P09012	SNRPA
P09104	ENO2
P09110	ACAA1
P09211	GSTP1
P09382	LGALS1
P09429	HMGB1
P09493	TPM1
P09496	CLTA
P09622	DLD
P09651	HNRNPA1
P09661	SNRPA1
P09874	PARP1
P09936	UCHL1
P09960	LTA4H
P09972	ALDOC
P0C0S5	H2AZ1
P0CG47	UBB
P0DMV8	HSPA1A
P0DP23	CALM1
P10155	RO60
P10412	H1-4
P10515	DLAT
P10599	TXN
P10606	COX5B
P10644	PRKAR1A
P10768	ESD
P10809	HSPD1
P11021	HSPA5
P11142	HSPA8
P11166	SLC2A1
P11169	SLC2A3
P11177	PDHB
P11216	PYGB
P11233	RALA
P11387	TOP1
P11413	G6PD
P11586	MTHFD1
P11717	IGF2R
P11766	ADH5
P11940	PABPC1
P12004	PCNA
P12081	HARS1
P12235	SLC25A4
P12236	SLC25A6
P12268	IMPDH2
P12270	TPR
P12277	CKB
P12429	ANXA3
P12814	ACTN1
P12956	XRCC6
P13010	XRCC5
P13073	COX4I1
P13639	EEF2
P13645	KRT10
P13667	PDIA4
P13693	TPT1
P13797	PLS3
P13798	APEH
P13804	ETFA
P13861	PRKAR2A
P13995	MTHFD2
P14174	MIF
P14314	PRKCSH
P14324	FDPS
P14406	COX7A2
P14550	AKR1A1
P14618	PKM
P14625	HSP90B1
P14678	SNRPB
P14735	IDE
P14866	HNRNPL
P14868	DARS1
P14923	JUP
P14927	UQCRB
P15121	AKR1B1
P15170	GSPT1
P15311	EZR
P15374	UCHL3
P15531	NME1
P15559	NQO1
P15880	RPS2
P15927	RPA2
P15954	COX7C
P16083	NQO2
P16152	CBR1
P16401	H1-5
P16402	H1-3
P16403	H1-2
P16435	POR
P16615	ATP2A2
P16949	STMN1
P16989	YBX3
P17096	HMGA1
P17174	GOT1
P17812	CTPS1
P17844	DDX5
P17858	PFKL
P17980	PSMC3
P17987	TCP1
P18031	PTPN1
P18077	RPL35A
P18085	ARF4
P18124	RPL7
P18206	VCL
P18621	RPL17
P18669	PGAM1
P19338	NCL
P19367	HK1
P19387	POLR2C
P19525	EIF2AK2
P19623	SRM
P20042	EIF2S2
P20073	ANXA7
P20290	BTF3
P20340	RAB6A
P20618	PSMB1
P20645	M6PR
P20674	COX5A
P20700	LMNB1
P20962	PTMS
P21281	ATP6V1B2
P21283	ATP6V1C1
P21291	CSRP1
P21333	FLNA
P21399	ACO1
P21796	VDAC1
P22059	OSBP
P22061	PCMT1
P22087	FBL
P22102	GART
P22234	PAICS
P22307	SCP2
P22314	UBA1
P22392	NME2
P22626	HNRNPA2B1
P22695	UQCRC2
P23193	TCEA1
P23246	SFPQ
P23284	PPIB
P23368	ME2
P23381	WARS1
P23396	RPS3
P23526	AHCY
P23528	CFL1
P23588	EIF4B
P23919	DTYMK
P23921	RRM1
P24534	EEF1B2
P24539	ATP5PB
P24666	ACP1
P24752	ACAT1
P24928	POLR2A
P25205	MCM3
P25398	RPS12
P25705	ATP5F1A
P25786	PSMA1
P25787	PSMA2
P25788	PSMA3
P25789	PSMA4
P26038	MSN
P26196	DDX6
P26358	DNMT1
P26368	U2AF2
P26373	RPL13
P26583	HMGB2
P26599	PTBP1
P26639	TARS1
P26640	VARS1
P26641	EEF1G
P26885	FKBP2
P27348	YWHAQ
P27635	RPL10
P27694	RPA1
P27695	APEX1
P27708	CAD
P27797	CALR
P27816	MAP4
P27824	CANX
P28066	PSMA5
P28070	PSMB4
P28072	PSMB6
P28074	PSMB5
P28331	NDUFS1
P28340	POLD1
P28838	LAP3
P29144	TPP2
P29373	CRABP2
P29401	TKT
P29692	EEF1D
P29762	CRABP1
P29966	MARCKS
P30040	ERP29
P30041	PRDX6
P30043	BLVRB
P30044	PRDX5
P30046	DDT
P30048	PRDX3
P30049	ATP5F1D
P30050	RPL12
P30084	ECHS1
P30085	CMPK1
P30086	PEBP1
P30101	PDIA3
P30153	PPP2R1A
P30520	ADSS2
P30533	LRPAP1
P30566	ADSL
P30837	ALDH1B1
P30876	POLR2B
P31040	SDHA
P31153	MAT2A
P31350	RRM2
P31689	DNAJA1
P31930	UQCRC1
P31939	ATIC
P31942	HNRNPH3
P31943	HNRNPH1
P31946	YWHAB
P31948	STIP1
P31949	S100A11
P32004	L1CAM
P32119	PRDX2
P32322	PYCR1
P32969	RPL9
P32969	RPL9P7
P32969	RPL9P8
P32969	RPL9P9
P33176	KIF5B
P33316	DUT
P33991	MCM4
P33992	MCM5
P33993	MCM7
P34897	SHMT2
P34932	HSPA4
P35030	PRSS3
P35080	PFN2
P35221	CTNNA1
P35222	CTNNB1
P35232	PHB1
P35241	RDX
P35244	RPA3
P35268	RPL22
P35520	CBS
P35579	MYH9
P35606	COPB2
P35610	SOAT1
P35611	ADD1
P35613	BSG
P35637	FUS
P35658	NUP214
P35659	DEK
P35998	PSMC2
P36405	ARL3
P36542	ATP5F1C
P36578	RPL4
P36776	LONP1
P36871	PGM1
P36873	PPP1CC
P36957	DLST
P36969	GPX4
P37108	SRP14
P37198	NUP62
P37268	FDFT1
P37802	TAGLN2
P37837	TALDO1
P38117	ETFB
P38159	RBMX
P38606	ATP6V1A
P38646	HSPA9
P38919	EIF4A3
P39019	RPS19
P39023	RPL3
P39656	DDOST
P39687	ANP32A
P39748	FEN1
P40121	CAPG
P40222	TXLNA
P40227	CCT6A
P40429	RPL13A
P40616	ARL1
P40925	MDH1
P40926	MDH2
P40938	RFC3
P40939	HADHA
P41091	EIF2S3
P41227	NAA10
P41250	GARS1
P41252	IARS1
P42166	TMPO
P42167	TMPO
P42285	MTREX
P42330	AKR1C3
P42677	RPS27
P42704	LRPPRC
P42766	RPL35
P43034	PAFAH1B1
P43243	MATR3
P43246	MSH2
P43307	SSR1
P43487	RANBP1
P43490	NAMPT
P43686	PSMC4
P43897	TSFM
P45880	VDAC2
P45973	CBX5
P45974	USP5
P46013	MKI67
P46060	RANGAP1
P46063	RECQL
P46087	NOP2
P46109	CRKL
P46379	BAG6
P46776	RPL27A
P46777	RPL5
P46778	RPL21
P46779	RPL28
P46781	RPS9
P46782	RPS5
P46783	RPS10
P46926	GNPDA1
P46940	IQGAP1
P46977	STT3A
P47755	CAPZA2
P47756	CAPZB
P47897	QARS1
P47914	RPL29
P47985	UQCRFS1
P48047	ATP5PO
P48147	PREP
P48444	ARCN1
P48556	PSMD8
P48643	CCT5
P48681	NES
P48735	IDH2
P49006	MARCKSL1
P49189	ALDH9A1
P49207	RPL34
P49257	LMAN1
P49321	NASP
P49327	FASN
P49368	CCT3
P49406	MRPL19
P49411	TUFM
P49419	ALDH7A1
P49458	SRP9
P49459	UBE2A
P49588	AARS1
P49589	CARS1
P49591	SARS1
P49643	PRIM2
P49720	PSMB3
P49721	PSMB2
P49736	MCM2
P49755	TMED10
P49756	RBM25
P49773	HINT1
P49790	NUP153
P49792	RANBP2
P49903	SEPHS1
P49915	GMPS
P49916	LIG3
P50213	IDH3A
P50395	GDI2
P50402	EMD
P50453	SERPINB9
P50454	SERPINH1
P50502	ST13
P50552	VASP
P50570	DNM2
P50897	PPT1
P50914	RPL14
P50990	CCT8
P50991	CCT4
P50995	ANXA11
P51114	FXR1
P51148	RAB5C
P51149	RAB7A
P51398	DAP3
P51571	SSR4
P51610	HCFC1
P51659	HSD17B4
P51665	PSMD7
P51858	HDGF
P51970	NDUFA8
P51991	HNRNPA3
P52209	PGD
P52272	HNRNPM
P52292	KPNA2
P52434	POLR2H
P52565	ARHGDIA
P52594	AGFG1
P52597	HNRNPF
P52655	GTF2A1
P52701	MSH6
P52732	KIF11
P52758	RIDA
P52788	SMS
P52815	MRPL12
P52907	CAPZA1
P52948	NUP98
P53004	BLVRA
P53007	SLC25A1
P53041	PPP5C
P53396	ACLY
P53618	COPB1
P53621	COPA
P53634	CTSC
P53985	SLC16A1
P53999	SUB1
P54105	CLNS1A
P54136	RARS1
P54577	YARS1
P54578	USP14
P54687	BCAT1
P54709	ATP1B3
P54725	RAD23A
P54727	RAD23B
P54819	AK2
P54886	ALDH18A1
P55010	EIF5
P55036	PSMD4
P55060	CSE1L
P55072	VCP
P55084	HADHB
P55145	MANF
P55209	NAP1L1
P55265	ADAR
P55327	TPD52
P55735	SEC13
P55769	SNU13
P55786	NPEPPS
P55809	OXCT1
P55854	SUMO3
P55884	EIF3B
P55957	BID
P56192	MARS1
P56211	ARPP19
P56385	ATP5ME
P56537	EIF6
P56545	CTBP2
P56556	NDUFA6
P56747	CLDN6
P58107	EPPK1
P58546	MTPN
P59998	ARPC4
P60059	SEC61G
P60174	TPI1
P60228	EIF3E
P60468	SEC61B
P60510	PPP4C
P60660	MYL6
P60709	ACTB
P60842	EIF4A1
P60866	RPS20
P60891	PRPS1
P60900	PSMA6
P60953	CDC42
P60981	DSTN
P60983	GMFB
P61006	RAB8A
P61009	SPCS3
P61019	RAB2A
P61026	RAB10
P61077	UBE2D3
P61081	UBE2M
P61086	UBE2K
P61088	UBE2N
P61158	ACTR3
P61160	ACTR2
P61163	ACTR1A
P61201	COPS2
P61204	ARF3
P61221	ABCE1
P61224	RAP1B
P61247	RPS3A
P61254	RPL26
P61289	PSME3
P61313	RPL15
P61326	MAGOH
P61353	RPL27
P61513	RPL37A
P61604	HSPE1
P61619	SEC61A1
P61758	VBP1
P61803	DAD1
P61923	COPZ1
P61970	NUTF2
P61978	HNRNPK
P61981	YWHAG
P62070	RRAS2
P62081	RPS7
P62136	PPP1CA
P62191	PSMC1
P62195	PSMC5
P62241	RPS8
P62244	RPS15A
P62249	RPS16
P62258	YWHAE
P62263	RPS14
P62266	RPS23
P62269	RPS18
P62273	RPS29
P62277	RPS13
P62280	RPS11
P62304	SNRPE
P62306	SNRPF
P62312	LSM6
P62314	SNRPD1
P62316	SNRPD2
P62318	SNRPD3
P62328	TMSB4X
P62333	PSMC6
P62424	RPL7A
P62495	ETF1
P62701	RPS4X
P62714	PPP2CB
P62750	RPL23A
P62753	RPS6
P62805	H4C1
P62805	H4C11
P62805	H4C12
P62805	H4C13
P62805	H4C14
P62805	H4C15
P62805	H4C16
P62805	H4C2
P62805	H4C3
P62805	H4C4
P62805	H4C5
P62805	H4C6
P62805	H4C8
P62805	H4C9
P62820	RAB1A
P62826	RAN
P62829	RPL23
P62847	RPS24
P62851	RPS25
P62854	RPS26
P62857	RPS28
P62861	FAU
P62873	GNB1
P62875	POLR2L
P62888	RPL30
P62899	RPL31
P62906	RPL10A
P62910	RPL32
P62913	RPL11
P62917	RPL8
P62937	PPIA
P62942	FKBP1A
P62993	GRB2
P62995	TRA2B
P63000	RAC1
P63010	AP2B1
P63104	YWHAZ
P63151	PPP2R2A
P63165	SUMO1
P63173	RPL38
P63208	SKP1
P63220	RPS21
P63241	EIF5A
P63244	RACK1
P63279	UBE2I
P63313	TMSB10
P67809	YBX1
P67812	SEC11A
P67870	CSNK2B
P67936	TPM4
P68032	ACTC1
P68036	UBE2L3
P68104	EEF1A1
P68366	TUBA4A
P68371	TUBB4B
P68400	CSNK2A1
P68402	PAFAH1B2
P68431	H3C1
P68431	H3C10
P68431	H3C11
P68431	H3C12
P68431	H3C2
P68431	H3C3
P68431	H3C4
P68431	H3C6
P68431	H3C7
P68431	H3C8
P78344	EIF4G2
P78346	RPP30
P78347	GTF2I
P78371	CCT2
P78417	GSTO1
P78527	PRKDC
P80723	BASP1
P82930	MRPS34
P82979	SARNP
P83731	RPL24
P83916	CBX1
P84085	ARF5
P84090	ERH
P84098	RPL19
P84103	SRSF3
P98179	RBM3
P99999	CYCS
Q00325	SLC25A3
Q00341	HDLBP
Q00610	CLTC
Q00688	FKBP3
Q00765	REEP5
Q00796	SORD
Q00839	HNRNPU
Q01081	U2AF1
Q01082	SPTBN1
Q01105	SET
Q01130	SRSF2
Q01469	FABP5
Q01518	CAP1
Q01581	HMGCS1
Q01650	SLC7A5
Q01658	DR1
Q01813	PFKP
Q01844	EWSR1
Q01970	PLCB3
Q01995	TAGLN
Q02218	OGDH
Q02543	RPL18A
Q02750	MAP2K1
Q02790	FKBP4
Q02878	RPL6
Q02952	AKAP12
Q02978	SLC25A11
Q03252	LMNB2
Q04323	UBXN1
Q04637	EIF4G1
Q04760	GLO1
Q04837	SSBP1
Q04917	YWHAH
Q05519	SRSF11
Q05639	EEF1A2
Q05682	CALD1
Q06124	PTPN11
Q06203	PPAT
Q06210	GFPT1
Q06265	EXOSC9
Q06323	PSME1
Q06830	PRDX1
Q07020	RPL18
Q07021	C1QBP
Q07065	CKAP4
Q07666	KHDRBS1
Q07812	BAX
Q07866	KLC1
Q07955	SRSF1
Q07960	ARHGAP1
Q08211	DHX9
Q08752	PPID
Q08945	SSRP1
Q08J23	NSUN2
Q09028	RBBP4
Q09161	NCBP1
Q10567	AP1B1
Q12769	NUP160
Q12788	TBL3
Q12846	STX4
Q12874	SF3A3
Q12904	AIMP1
Q12905	ILF2
Q12906	ILF3
Q12907	LMAN2
Q12931	TRAP1
Q12933	TRAF2
Q12996	CSTF3
Q13011	ECH1
Q13045	FLII
Q13085	ACACA
Q13098	GPS1
Q13126	MTAP
Q13148	TARDBP
Q13151	HNRNPA0
Q13155	AIMP2
Q13162	PRDX4
Q13185	CBX3
Q13200	PSMD2
Q13242	SRSF9
Q13247	SRSF6
Q13263	TRIM28
Q13283	G3BP1
Q13310	PABPC4
Q13347	EIF3I
Q13404	UBE2V1
Q13405	MRPL49
Q13409	DYNC1I2
Q13428	TCOF1
Q13435	SF3B2
Q13442	PDAP1
Q13451	FKBP5
Q13509	TUBB3
Q13561	DCTN2
Q13573	SNW1
Q13595	TRA2A
Q13616	CUL1
Q13620	CUL4B
Q13724	MOGS
Q13813	SPTAN1
Q13838	DDX39B
Q13867	BLMH
Q13885	TUBB2A
Q14008	CKAP5
Q14011	CIRBP
Q14019	COTL1
Q14061	COX17
Q14103	HNRNPD
Q14141	SEPTIN6
Q14152	EIF3A
Q14157	UBAP2L
Q14165	MLEC
Q14166	TTLL12
Q14194	CRMP1
Q14195	DPYSL3
Q14204	DYNC1H1
Q14232	EIF2B1
Q14241	ELOA
Q14247	CTTN
Q14254	FLOT2
Q14257	RCN2
Q14258	TRIM25
Q14444	CAPRIN1
Q14498	RBM39
Q14566	MCM6
Q14573	ITPR3
Q14677	CLINT1
Q14683	SMC1A
Q14690	PDCD11
Q14694	USP10
Q14697	GANAB
Q14739	LBR
Q14839	CHD4
Q14847	LASP1
Q14914	PTGR1
Q14919	DRAP1
Q14974	KPNB1
Q14978	NOLC1
Q14980	NUMA1
Q15008	PSMD6
Q15019	SEPTIN2
Q15020	SART3
Q15021	NCAPD2
Q15024	EXOSC7
Q15029	EFTUD2
Q15043	SLC39A14
Q15046	KARS1
Q15050	RRS1
Q15056	EIF4H
Q15061	WDR43
Q15084	PDIA6
Q15121	PEA15
Q15125	EBP
Q15126	PMVK
Q15149	PLEC
Q15155	NOMO1
Q15181	PPA1
Q15185	PTGES3
Q15233	NONO
Q15257	PTPA
Q15269	PWP2
Q15287	RNPS1
Q15293	RCN1
Q15365	PCBP1
Q15366	PCBP2
Q15369	ELOC
Q15370	ELOB
Q15388	TOMM20
Q15392	DHCR24
Q15393	SF3B3
Q15397	PUM3
Q15404	RSU1
Q15417	CNN3
Q15424	SAFB
Q15427	SF3B4
Q15428	SF3A2
Q15436	SEC23A
Q15437	SEC23B
Q15459	SF3A1
Q15631	TSN
Q15637	SF1
Q15645	TRIP13
Q15654	TRIP6
Q15691	MAPRE1
Q15717	ELAVL1
Q15738	NSDHL
Q15758	SLC1A5
Q15819	UBE2V2
Q15836	VAMP3
Q15843	NEDD8
Q15907	RAB11B
Q15942	ZYX
Q16181	SEPTIN7
Q16186	ADRM1
Q16401	PSMD5
Q16531	DDB1
Q16539	MAPK14
Q16555	DPYSL2
Q16576	RBBP7
Q16629	SRSF7
Q16630	CPSF6
Q16643	DBN1
Q16658	FSCN1
Q16718	NDUFA5
Q16795	NDUFA9
Q16822	PCK2
Q16836	HADH
Q16851	UGP2
Q16891	IMMT
Q1KMD3	HNRNPUL2
Q29RF7	PDS5A
Q2Q1W2	TRIM71
Q2TAY7	SMU1
Q32MZ4	LRRFIP1
Q32P28	P3H1
Q38SD2	LRRK1
Q3LXA3	TKFC
Q3MHD2	LSM12
Q3ZCQ8	TIMM50
Q49A26	GLYR1
Q4VC31	MIX23
Q52LJ0	FAM98B
Q53GQ0	HSD17B12
Q53GS9	USP39
Q56VL3	OCIAD2
Q5BKZ1	ZNF326
Q5JVF3	PCID2
Q5T4S7	UBR4
Q5T7N2	L1TD1
Q5TFE4	NT5DC1
Q5U5X0	LYRM7
Q5VYK3	ECPAS
Q6DN03	H2BC20P
Q6FI81	CIAPIN1
Q6GMV3	PTRHD1
Q6IBS0	TWF2
Q6P1A2	LPCAT3
Q6P1L8	MRPL14
Q6P2Q9	PRPF8
Q6PI48	DARS2
Q6PIU2	NCEH1
Q6PKG0	LARP1
Q6UB35	MTHFD1L
Q71RC2	LARP4
Q71U36	TUBA1A
Q71UM5	RPS27L
Q7KZF4	SND1
Q7L014	DDX46
Q7L1Q6	BZW1
Q7L2H7	EIF3M
Q7L576	CYFIP1
Q7L5D6	GET4
Q7L5N1	COPS6
Q7Z4V5	HDGFL2
Q7Z6Z7	HUWE1
Q7Z739	YTHDF3
Q86U38	NOP9
Q86U42	PABPN1
Q86UP2	KTN1
Q86V81	ALYREF
Q86VP6	CAND1
Q86WR0	CCDC25
Q86XP3	DDX42
Q86YP4	GATAD2A
Q8IV08	PLD3
Q8IX12	CCAR1
Q8IXI1	RHOT2
Q8IXT5	RBM12B
Q8IY81	FTSJ3
Q8IYB8	SUPV3L1
Q8IYD1	GSPT2
Q8IZL8	PELP1
Q8IZQ5	SELENOH
Q8N0U8	VKORC1L1
Q8N163	CCAR2
Q8N1F7	NUP93
Q8N1G4	LRRC47
Q8N2C7	UNC80
Q8N4H5	TOMM5
Q8NBJ5	COLGALT1
Q8NBS9	TXNDC5
Q8NC51	SERBP1
Q8NCA5	FAM98A
Q8NDC0	MAPK1IP1L
Q8NE71	ABCF1
Q8NE86	MCU
Q8NF37	LPCAT1
Q8NFH3	NUP43
Q8NFH5	NUP35
Q8NI27	THOC2
Q8NI36	WDR36
Q8TBQ9	TMEM167A
Q8TCT9	HM13
Q8TDN6	BRIX1
Q8TED0	UTP15
Q8TEM1	NUP210
Q8TEQ6	GEMIN5
Q8TF09	DYNLRB2
Q8TF72	SHROOM3
Q8WU90	ZC3H15
Q8WUM0	NUP133
Q8WUM4	PDCD6IP
Q8WVM8	SCFD1
Q8WW12	PCNP
Q8WW59	SPRYD4
Q8WWM7	ATXN2L
Q8WXF1	PSPC1
Q8WY22	BRI3BP
Q8WYA6	CTNNBL1
Q92499	DDX1
Q92520	FAM3C
Q92522	H1-10
Q92552	MRPS27
Q92575	UBXN4
Q92598	HSPH1
Q92599	SEPTIN8
Q92616	GCN1
Q92620	DHX38
Q92621	NUP205
Q92688	ANP32B
Q92734	TFG
Q92747	ARPC1A
Q92769	HDAC2
Q92841	DDX17
Q92879	CELF1
Q92905	COPS5
Q92945	KHSRP
Q92973	TNPO1
Q93009	USP7
Q93062	RBPMS
Q969G3	SMARCE1
Q969H8	MYDGF
Q969Q0	RPL36AL
Q969V3	NCLN
Q96A33	CCDC47
Q96AE4	FUBP1
Q96AG4	LRRC59
Q96AY3	FKBP10
Q96B49	TOMM6
Q96C36	PYCR2
Q96CN7	ISOC1
Q96CT7	CCDC124
Q96CW1	AP2M1
Q96DI7	SNRNP40
Q96EE3	SEH1L
Q96EP5	DAZAP1
Q96ER3	SAAL1
Q96ER9	CCDC51
Q96FJ2	DYNLL2
Q96FW1	OTUB1
Q96G23	CERS2
Q96GQ7	DDX27
Q96HE7	ERO1A
Q96HS1	PGAM5
Q96HY6	DDRGK1
Q96I24	FUBP3
Q96I25	RBM17
Q96IX5	ATP5MK
Q96IZ0	PAWR
Q96K17	BTF3L4
Q96KP4	CNDP2
Q96M27	PRRC1
Q96N66	MBOAT7
Q96P70	IPO9
Q96Q11	TRNT1
Q96QD8	SLC38A2
Q96QK1	VPS35
Q96RK1	CITED4
Q96SB4	SRPK1
Q96TA1	NIBAN2
Q96TC7	RMDN3
Q99417	MYCBP
Q99426	TBCB
Q99436	PSMB7
Q99439	CNN2
Q99459	CDC5L
Q99460	PSMD1
Q99471	PFDN5
Q99497	PARK7
Q99536	VAT1
Q99613	EIF3C
Q99623	PHB2
Q99627	COPS8
Q99714	HSD17B10
Q99729	HNRNPAB
Q99733	NAP1L4
Q99798	ACO2
Q99805	TM9SF2
Q99816	TSG101
Q99829	CPNE1
Q99832	CCT7
Q99873	PRMT1
Q99961	SH3GL1
Q99986	VRK1
Q9BPW8	NIPSNAP1
Q9BPX3	NCAPG
Q9BPX5	ARPC5L
Q9BQ52	ELAC2
Q9BQA1	WDR77
Q9BQC6	MRPL57
Q9BQG0	MYBBP1A
Q9BR76	CORO1B
Q9BRA2	TXNDC17
Q9BRJ6	C7orf50
Q9BRP8	PYM1
Q9BS26	ERP44
Q9BSH4	TACO1
Q9BSJ8	ESYT1
Q9BT78	COPS4
Q9BTD8	RBM42
Q9BTE6	AARSD1
Q9BTT0	ANP32E
Q9BTV4	TMEM43
Q9BUF5	TUBB6
Q9BUL8	PDCD10
Q9BUQ8	DDX23
Q9BV20	MRI1
Q9BV38	WDR18
Q9BVA1	TUBB2B
Q9BVI4	NOC4L
Q9BVK6	TMED9
Q9BVP2	GNL3
Q9BWD1	ACAT2
Q9BWF3	RBM4
Q9BX40	LSM14B
Q9BXJ9	NAA15
Q9BXP5	SRRT
Q9BXW9	FANCD2
Q9BY32	ITPA
Q9BY44	EIF2A
Q9BYD3	MRPL4
Q9BYG3	NIFK
Q9BYT8	NLN
Q9BZE4	GTPBP4
Q9BZK3	NACA4P
Q9BZZ5	API5
Q9C005	DPY30
Q9C0C2	TNKS1BP1
Q9GZL7	WDR12
Q9GZT3	SLIRP
Q9GZZ1	NAA50
Q9H0A0	NAT10
Q9H0D6	XRN2
Q9H0S4	DDX47
Q9H0U4	RAB1B
Q9H1E3	NUCKS1
Q9H299	SH3BGRL3
Q9H2H8	PPIL3
Q9H2H9	SLC38A1
Q9H2M9	RAB3GAP2
Q9H2U1	DHX36
Q9H3K6	BOLA2
Q9H3K6	BOLA2B
Q9H3N1	TMX1
Q9H444	CHMP4B
Q9H4A4	RNPEP
Q9H583	HEATR1
Q9H6R4	NOL6
Q9H773	DCTPP1
Q9H7B2	RPF2
Q9H7Z7	PTGES2
Q9H845	ACAD9
Q9H8H0	NOL11
Q9H910	JPT2
Q9H9J2	MRPL44
Q9H9Z2	LIN28A
Q9HA64	FN3KRP
Q9HAV4	XPO5
Q9HAV7	GRPEL1
Q9HB07	MYG1
Q9HB71	CACYBP
Q9HC35	EML4
Q9HC38	GLOD4
Q9NP79	VTA1
Q9NPA8	ENY2
Q9NPJ3	ACOT13
Q9NQ29	LUC7L
Q9NQ50	MRPL40
Q9NQ88	TIGAR
Q9NQC3	RTN4
Q9NQP4	PFDN4
Q9NQT5	EXOSC3
Q9NQW7	XPNPEP1
Q9NR30	DDX21
Q9NR31	SAR1A
Q9NR45	NANS
Q9NRV9	HEBP1
Q9NRX1	PNO1
Q9NRX2	MRPL17
Q9NRZ9	HELLS
Q9NSD9	FARSB
Q9NSE4	IARS2
Q9NTI5	PDS5B
Q9NTK5	OLA1
Q9NTZ6	RBM12
Q9NU22	MDN1
Q9NUJ1	ABHD10
Q9NUQ9	CYRIB
Q9NV35	NUDT15
Q9NVP1	DDX18
Q9NWV4	CZIB
Q9NX14	NDUFB11
Q9NX24	NHP2
Q9NX55	HYPK
Q9NX58	LYAR
Q9NX63	CHCHD3
Q9NXG2	THUMPD1
Q9NXH9	TRMT1
Q9NY33	DPP3
Q9NYF8	BCLAF1
Q9NYJ1	COA4
Q9NYK5	MRPL39
Q9NYU2	UGGT1
Q9NZ01	TECR
Q9NZI8	IGF2BP1
Q9NZL4	HSPBP1
Q9NZL9	MAT2B
Q9P032	NDUFAF4
Q9P035	HACD3
Q9P0J0	NDUFA13
Q9P0L0	VAPA
Q9P1F3	ABRACL
Q9P258	RCC2
Q9P287	BCCIP
Q9P289	STK26
Q9P2E9	RRBP1
Q9P2J5	LARS1
Q9P2R7	SUCLA2
Q9UBC3	DNMT3B
Q9UBE0	SAE1
Q9UBF2	COPG2
Q9UBM7	DHCR7
Q9UBQ0	VPS29
Q9UBQ5	EIF3K
Q9UBQ7	GRHPR
Q9UBS4	DNAJB11
Q9UBT2	UBA2
Q9UDR5	AASS
Q9UDW1	UQCR10
Q9UDY2	TJP2
Q9UGP8	SEC63
Q9UHB9	SRP68
Q9UHD1	CHORDC1
Q9UHD8	SEPTIN9
Q9UHD9	UBQLN2
Q9UHG3	PCYOX1
Q9UHV9	PFDN2
Q9UHX1	PUF60
Q9UHY7	ENOPH1
Q9UIA9	XPO7
Q9UIQ6	LNPEP
Q9UJ70	NAGK
Q9UJA5	TRMT6
Q9UJZ1	STOML2
Q9UK76	JPT1
Q9UKD2	MRTO4
Q9UKK9	NUDT5
Q9UKM9	RALY
Q9UKV3	ACIN1
Q9UKX7	NUP50
Q9UKY7	CDV3
Q9UL46	PSME2
Q9ULV4	CORO1C
Q9ULW0	TPX2
Q9UMR2	DDX19B
Q9UMS4	PRPF19
Q9UMX0	UBQLN1
Q9UN37	VPS4A
Q9UN86	G3BP2
Q9UNL2	SSR3
Q9UNM6	PSMD13
Q9UNQ2	DIMT1
Q9UNS2	COPS3
Q9UNZ2	NSFL1C
Q9UQ35	SRRM2
Q9UQ80	PA2G4
Q9UQE7	SMC3
Q9Y224	RTRAF
Q9Y230	RUVBL2
Q9Y241	HIGD1A
Q9Y262	EIF3L
Q9Y265	RUVBL1
Q9Y266	NUDC
Q9Y277	VDAC3
Q9Y285	FARSA
Q9Y295	DRG1
Q9Y2B0	CNPY2
Q9Y2L1	DIS3
Q9Y2R9	MRPS7
Q9Y2T2	AP3M1
Q9Y2V2	CARHSP1
Q9Y2W1	THRAP3
Q9Y2X3	NOP58
Q9Y2Z0	SUGT1
Q9Y2Z4	YARS2
Q9Y383	LUC7L2
Q9Y3A5	SBDS
Q9Y3B3	TMED7
Q9Y3B4	SF3B6
Q9Y3B9	RRP15
Q9Y3C8	UFC1
Q9Y3D6	FIS1
Q9Y3D9	MRPS23
Q9Y3F4	STRAP
Q9Y3I0	RTCB
Q9Y3T9	NOC2L
Q9Y3U8	RPL36
Q9Y450	HBS1L
Q9Y478	PRKAB1
Q9Y490	TLN1
Q9Y4L1	HYOU1
Q9Y4W6	AFG3L2
Q9Y512	SAMM50
Q9Y570	PPME1
Q9Y5A9	YTHDF2
Q9Y5B9	SUPT16H
Q9Y5J9	TIMM8B
Q9Y5L0	TNPO3
Q9Y5L4	TIMM13
Q9Y5M8	SRPRB
Q9Y5S9	RBM8A
Q9Y617	PSAT1
Q9Y624	F11R
Q9Y639	NPTN
Q9Y678	COPG1
Q9Y696	CLIC4
Q9Y6A9	SPCS1
Q9Y6G9	DYNC1LI1
